[{"model": "blog.tag", "pk": 1, "fields": {"tag": "php", "create_time": "2017-02-11T04:04:18Z"}}, {"model": "blog.tag", "pk": 2, "fields": {"tag": "linux", "create_time": "2017-02-11T04:04:18Z"}}, {"model": "blog.tag", "pk": 3, "fields": {"tag": "java", "create_time": "2017-02-11T05:56:32Z"}}, {"model": "blog.tag", "pk": 4, "fields": {"tag": "js", "create_time": "2017-02-11T05:56:32Z"}}, {"model": "blog.tag", "pk": 5, "fields": {"tag": "admin", "create_time": "2017-02-11T07:32:17Z"}}, {"model": "blog.tag", "pk": 6, "fields": {"tag": "test", "create_time": "2017-02-11T09:32:45Z"}}, {"model": "blog.tag", "pk": 7, "fields": {"tag": "html", "create_time": "2017-02-11T09:33:01Z"}}, {"model": "blog.tag", "pk": 8, "fields": {"tag": "css", "create_time": "2017-02-11T09:33:20Z"}}, {"model": "blog.tag", "pk": 9, "fields": {"tag": "csrf", "create_time": "2017-02-12T10:01:18Z"}}, {"model": "blog.tag", "pk": 10, "fields": {"tag": "markdown", "create_time": "2017-02-14T00:37:53Z"}}, {"model": "blog.tag", "pk": 11, "fields": {"tag": "image", "create_time": "2017-02-15T00:18:37Z"}}, {"model": "blog.tag", "pk": 12, "fields": {"tag": "proxy", "create_time": "2017-02-16T01:00:22Z"}}, {"model": "polls.question", "pk": 1, "fields": {"question_text": "What's up?", "pub_date": "2017-01-15T10:50:36Z"}}, {"model": "polls.choice", "pk": 1, "fields": {"question": 1, "choice_text": "Not much", "votes": 5}}, {"model": "polls.choice", "pk": 2, "fields": {"question": 1, "choice_text": "The sky", "votes": 1}}, {"model": "polls.choice", "pk": 3, "fields": {"question": 1, "choice_text": "Just hacking again", "votes": 3}}, {"model": "contenttypes.contenttype", "pk": 1, "fields": {"app_label": "admin", "model": "logentry"}}, {"model": "contenttypes.contenttype", "pk": 2, "fields": {"app_label": "auth", "model": "permission"}}, {"model": "contenttypes.contenttype", "pk": 3, "fields": {"app_label": "auth", "model": "user"}}, {"model": "contenttypes.contenttype", "pk": 4, "fields": {"app_label": "auth", "model": "group"}}, {"model": "contenttypes.contenttype", "pk": 5, "fields": {"app_label": "contenttypes", "model": "contenttype"}}, {"model": "contenttypes.contenttype", "pk": 6, "fields": {"app_label": "sessions", "model": "session"}}, {"model": "contenttypes.contenttype", "pk": 7, "fields": {"app_label": "polls", "model": "choice"}}, {"model": "contenttypes.contenttype", "pk": 8, "fields": {"app_label": "polls", "model": "question"}}, {"model": "contenttypes.contenttype", "pk": 9, "fields": {"app_label": "blog", "model": "article"}}, {"model": "contenttypes.contenttype", "pk": 11, "fields": {"app_label": "blog", "model": "tag"}}, {"model": "contenttypes.contenttype", "pk": 12, "fields": {"app_label": "blog", "model": "comment"}}, {"model": "sessions.session", "pk": "0tpbicx40no83y01drhgalv2x7oclxkq", "fields": {"session_data": "MTEyNjU0ZDZhNjBiZTNiNzE2ZDJkZDAwYmRjYWMzNDM0ZTZiZDFkYzp7Il9hdXRoX3VzZXJfaGFzaCI6IjJlN2UxOTc4ZDJkMWRkMTgyYTU4OGU1MWQ0YjE2NjY2ZWM0ZWI1YzQiLCJfYXV0aF91c2VyX2JhY2tlbmQiOiJkamFuZ28uY29udHJpYi5hdXRoLmJhY2tlbmRzLk1vZGVsQmFja2VuZCIsIl9hdXRoX3VzZXJfaWQiOiIxIn0=", "expire_date": "2017-01-29T11:06:49Z"}}, {"model": "sessions.session", "pk": "hs8h9bfiutiqhp430j5cbcgbmjdhzcy8", "fields": {"session_data": "MmVjYzBiM2E3YTdmMWMxYzg5YzQ3OTRlYjNjNzJkNzdkYjAxZWQxODp7Il9hdXRoX3VzZXJfaGFzaCI6IjZhYjM4ZjQzMjMyMmU3ZjIzZDMxM2RiODRhODkyMjgyZjRlOGQyYTQiLCJfYXV0aF91c2VyX2JhY2tlbmQiOiJkamFuZ28uY29udHJpYi5hdXRoLmJhY2tlbmRzLk1vZGVsQmFja2VuZCIsIl9hdXRoX3VzZXJfaWQiOiIyIn0=", "expire_date": "2017-03-02T23:55:43Z"}}, {"model": "sessions.session", "pk": "p5sv976szhgbf59nabk8m8cm3nfe7ouc", "fields": {"session_data": "MTEyNjU0ZDZhNjBiZTNiNzE2ZDJkZDAwYmRjYWMzNDM0ZTZiZDFkYzp7Il9hdXRoX3VzZXJfaGFzaCI6IjJlN2UxOTc4ZDJkMWRkMTgyYTU4OGU1MWQ0YjE2NjY2ZWM0ZWI1YzQiLCJfYXV0aF91c2VyX2JhY2tlbmQiOiJkamFuZ28uY29udHJpYi5hdXRoLmJhY2tlbmRzLk1vZGVsQmFja2VuZCIsIl9hdXRoX3VzZXJfaWQiOiIxIn0=", "expire_date": "2017-02-04T03:38:18Z"}}, {"model": "auth.permission", "pk": 1, "fields": {"name": "Can add log entry", "content_type": 1, "codename": "add_logentry"}}, {"model": "auth.permission", "pk": 2, "fields": {"name": "Can change log entry", "content_type": 1, "codename": "change_logentry"}}, {"model": "auth.permission", "pk": 3, "fields": {"name": "Can delete log entry", "content_type": 1, "codename": "delete_logentry"}}, {"model": "auth.permission", "pk": 4, "fields": {"name": "Can add permission", "content_type": 2, "codename": "add_permission"}}, {"model": "auth.permission", "pk": 5, "fields": {"name": "Can change permission", "content_type": 2, "codename": "change_permission"}}, {"model": "auth.permission", "pk": 6, "fields": {"name": "Can delete permission", "content_type": 2, "codename": "delete_permission"}}, {"model": "auth.permission", "pk": 7, "fields": {"name": "Can add user", "content_type": 3, "codename": "add_user"}}, {"model": "auth.permission", "pk": 8, "fields": {"name": "Can change user", "content_type": 3, "codename": "change_user"}}, {"model": "auth.permission", "pk": 9, "fields": {"name": "Can delete user", "content_type": 3, "codename": "delete_user"}}, {"model": "auth.permission", "pk": 10, "fields": {"name": "Can add group", "content_type": 4, "codename": "add_group"}}, {"model": "auth.permission", "pk": 11, "fields": {"name": "Can change group", "content_type": 4, "codename": "change_group"}}, {"model": "auth.permission", "pk": 12, "fields": {"name": "Can delete group", "content_type": 4, "codename": "delete_group"}}, {"model": "auth.permission", "pk": 13, "fields": {"name": "Can add content type", "content_type": 5, "codename": "add_contenttype"}}, {"model": "auth.permission", "pk": 14, "fields": {"name": "Can change content type", "content_type": 5, "codename": "change_contenttype"}}, {"model": "auth.permission", "pk": 15, "fields": {"name": "Can delete content type", "content_type": 5, "codename": "delete_contenttype"}}, {"model": "auth.permission", "pk": 16, "fields": {"name": "Can add session", "content_type": 6, "codename": "add_session"}}, {"model": "auth.permission", "pk": 17, "fields": {"name": "Can change session", "content_type": 6, "codename": "change_session"}}, {"model": "auth.permission", "pk": 18, "fields": {"name": "Can delete session", "content_type": 6, "codename": "delete_session"}}, {"model": "auth.permission", "pk": 19, "fields": {"name": "Can add choice", "content_type": 7, "codename": "add_choice"}}, {"model": "auth.permission", "pk": 20, "fields": {"name": "Can change choice", "content_type": 7, "codename": "change_choice"}}, {"model": "auth.permission", "pk": 21, "fields": {"name": "Can delete choice", "content_type": 7, "codename": "delete_choice"}}, {"model": "auth.permission", "pk": 22, "fields": {"name": "Can add question", "content_type": 8, "codename": "add_question"}}, {"model": "auth.permission", "pk": 23, "fields": {"name": "Can change question", "content_type": 8, "codename": "change_question"}}, {"model": "auth.permission", "pk": 24, "fields": {"name": "Can delete question", "content_type": 8, "codename": "delete_question"}}, {"model": "auth.permission", "pk": 25, "fields": {"name": "Can add article", "content_type": 9, "codename": "add_article"}}, {"model": "auth.permission", "pk": 26, "fields": {"name": "Can change article", "content_type": 9, "codename": "change_article"}}, {"model": "auth.permission", "pk": 27, "fields": {"name": "Can delete article", "content_type": 9, "codename": "delete_article"}}, {"model": "auth.permission", "pk": 31, "fields": {"name": "Can add tag", "content_type": 11, "codename": "add_tag"}}, {"model": "auth.permission", "pk": 32, "fields": {"name": "Can change tag", "content_type": 11, "codename": "change_tag"}}, {"model": "auth.permission", "pk": 33, "fields": {"name": "Can delete tag", "content_type": 11, "codename": "delete_tag"}}, {"model": "auth.permission", "pk": 34, "fields": {"name": "Can add comment", "content_type": 12, "codename": "add_comment"}}, {"model": "auth.permission", "pk": 35, "fields": {"name": "Can change comment", "content_type": 12, "codename": "change_comment"}}, {"model": "auth.permission", "pk": 36, "fields": {"name": "Can delete comment", "content_type": 12, "codename": "delete_comment"}}, {"model": "auth.user", "pk": 1, "fields": {"password": "pbkdf2_sha256$30000$GEsaQCJgRLKU$b1myMuFVEx6V0Ud6XTANgSdf1opJNdLgD8NRSpb2lag=", "last_login": "2017-02-13T00:28:31Z", "is_superuser": true, "username": "admin", "first_name": "", "last_name": "", "email": "admin@example.com", "is_staff": true, "is_active": true, "date_joined": "2017-01-15T11:05:54Z", "groups": [], "user_permissions": []}}, {"model": "auth.user", "pk": 2, "fields": {"password": "pbkdf2_sha256$30000$wPStr6jksE5l$rkiWX9dvaU+EuMZkPvlwYB/1F5hGmPGb+N0e7qIQ5Tc=", "last_login": "2017-02-16T23:55:43Z", "is_superuser": false, "username": "luckybird", "first_name": "", "last_name": "", "email": "492602925@qq.com", "is_staff": false, "is_active": true, "date_joined": "2017-02-04T09:05:41Z", "groups": [], "user_permissions": []}}, {"model": "auth.user", "pk": 3, "fields": {"password": "pbkdf2_sha256$30000$DfSMCODK0j5Z$Q4I0DFse+Q+Zlci1UyqkBW++HRNfRaa43ne0X2PkCFQ=", "last_login": "2017-02-16T01:11:45Z", "is_superuser": false, "username": "test", "first_name": "", "last_name": "", "email": "test@qq.com", "is_staff": false, "is_active": true, "date_joined": "2017-02-06T01:33:12Z", "groups": [], "user_permissions": []}}, {"model": "blog.comment", "pk": 1, "fields": {"content": "test comment", "create_time": "2017-02-12T10:42:37Z", "user": 2, "article": 12}}, {"model": "blog.comment", "pk": 2, "fields": {"content": "comment two", "create_time": "2017-02-12T10:57:51Z", "user": 2, "article": 12}}, {"model": "blog.comment", "pk": 3, "fields": {"content": "test comment", "create_time": "2017-02-12T11:04:25Z", "user": 1, "article": 9}}, {"model": "blog.comment", "pk": 4, "fields": {"content": "hh", "create_time": "2017-02-13T00:28:48Z", "user": 1, "article": 12}}, {"model": "blog.comment", "pk": 5, "fields": {"content": "for what", "create_time": "2017-02-13T00:29:10Z", "user": 1, "article": 6}}, {"model": "blog.comment", "pk": 6, "fields": {"content": "markdown", "create_time": "2017-02-14T00:48:13Z", "user": 1, "article": 13}}, {"model": "blog.comment", "pk": 7, "fields": {"content": "nice", "create_time": "2017-02-14T01:17:54Z", "user": 1, "article": 13}}, {"model": "blog.comment", "pk": 8, "fields": {"content": "nice", "create_time": "2017-02-15T00:19:32Z", "user": 1, "article": 15}}, {"model": "blog.comment", "pk": 9, "fields": {"content": "test", "create_time": "2017-02-16T01:11:52Z", "user": 3, "article": 16}}, {"model": "blog.comment", "pk": 10, "fields": {"content": "hello", "create_time": "2017-02-16T01:12:03Z", "user": 3, "article": 6}}, {"model": "blog.comment", "pk": 11, "fields": {"content": "hello", "create_time": "2017-02-16T23:55:25Z", "user": 3, "article": 2}}, {"model": "blog.comment", "pk": 12, "fields": {"content": "hhh", "create_time": "2017-02-16T23:55:30Z", "user": 3, "article": 2}}, {"model": "blog.comment", "pk": 13, "fields": {"content": "world", "create_time": "2017-02-16T23:55:52Z", "user": 2, "article": 2}}, {"model": "blog.comment", "pk": 14, "fields": {"content": "asdfasdfasdf", "create_time": "2017-02-16T23:55:56Z", "user": 2, "article": 2}}, {"model": "blog.article", "pk": 1, "fields": {"title": "test title one", "content": "test content one", "markdown": "", "status": "P", "create_time": "2017-02-08T00:24:50Z", "update_time": "2017-02-08T01:25:08Z", "user": 2, "tags": []}}, {"model": "blog.article", "pk": 2, "fields": {"title": "test title", "content": "test content", "markdown": "", "status": "P", "create_time": "2017-02-08T00:39:14Z", "update_time": "2017-02-16T23:55:56Z", "user": 2, "tags": [4, 2, 1]}}, {"model": "blog.article", "pk": 3, "fields": {"title": "three", "content": "test content three", "markdown": "", "status": "P", "create_time": "2017-02-09T00:27:21Z", "update_time": "2017-02-11T05:56:32Z", "user": 2, "tags": [4, 3, 1]}}, {"model": "blog.article", "pk": 4, "fields": {"title": "centos install php", "content": "centos install php", "markdown": "", "status": "P", "create_time": "2017-02-11T03:49:19Z", "update_time": "2017-02-11T07:21:10Z", "user": 2, "tags": [1]}}, {"model": "blog.article", "pk": 5, "fields": {"title": "centos install php", "content": "centos install php", "markdown": "", "status": "D", "create_time": "2017-02-11T04:04:18Z", "update_time": "2017-02-11T04:04:18Z", "user": 2, "tags": [2, 1]}}, {"model": "blog.article", "pk": 6, "fields": {"title": "admin test", "content": "admin test", "markdown": "", "status": "P", "create_time": "2017-02-11T07:32:17Z", "update_time": "2017-02-16T01:12:03Z", "user": 1, "tags": [5]}}, {"model": "blog.article", "pk": 7, "fields": {"title": "test 10", "content": "test 10", "markdown": "", "status": "P", "create_time": "2017-02-11T09:32:45Z", "update_time": "2017-02-11T09:32:45Z", "user": 1, "tags": [6]}}, {"model": "blog.article", "pk": 8, "fields": {"title": "test 11", "content": "test 11", "markdown": "", "status": "P", "create_time": "2017-02-11T09:33:01Z", "update_time": "2017-02-11T09:33:01Z", "user": 1, "tags": [7]}}, {"model": "blog.article", "pk": 9, "fields": {"title": "test 12", "content": "test 12", "markdown": "", "status": "P", "create_time": "2017-02-11T09:33:20Z", "update_time": "2017-02-12T11:04:25Z", "user": 1, "tags": [8]}}, {"model": "blog.article", "pk": 10, "fields": {"title": "test cstf one", "content": "test cstf one", "markdown": "", "status": "P", "create_time": "2017-02-12T10:01:18Z", "update_time": "2017-02-12T10:01:18Z", "user": 2, "tags": [9]}}, {"model": "blog.article", "pk": 11, "fields": {"title": "test cstf two", "content": "test cstf two", "markdown": "", "status": "P", "create_time": "2017-02-12T10:02:27Z", "update_time": "2017-02-12T10:02:27Z", "user": 2, "tags": [9]}}, {"model": "blog.article", "pk": 12, "fields": {"title": "test cstf three", "content": "test cstf three", "markdown": "", "status": "P", "create_time": "2017-02-12T10:05:05Z", "update_time": "2017-02-13T00:28:48Z", "user": 2, "tags": [9]}}, {"model": "blog.article", "pk": 13, "fields": {"title": "test markdown", "content": "<h1 id=\"markdown\">markdown</h1>\r\n<p><strong> title </strong></p>\r\n<ul>\r\n<li>one</li>\r\n<li>two</li>\r\n<li>three</li>\r\n</ul>\r\n<pre><code>&lt;script&gt;\r\nconsole.log(&#39;markdown&#39;);\r\n&lt;/script&gt;\r\n</code></pre><p><code>link others</code></p>\r\n<p><strong> onchange </strong></p>\r\n<p>hello world</p>", "markdown": "# markdown\r\n\r\n** title **\r\n\r\n* one\r\n* two\r\n* three\r\n\r\n```\r\n<script>\r\nconsole.log('markdown');\r\n</script>\r\n```\r\n\r\n`\r\nlink others\r\n`\r\n\r\n** onchange **\r\n\r\nhello world", "status": "P", "create_time": "2017-02-14T00:37:53Z", "update_time": "2017-02-14T01:17:54Z", "user": 1, "tags": [10]}}, {"model": "blog.article", "pk": 14, "fields": {"title": "markdown two", "content": "<h1 id=\"header\">header</h1>\r\n<p><strong> title </strong></p>\r\n<ul>\r\n<li>one</li>\r\n<li>two</li>\r\n</ul>\r\n<pre><code>&lt;p&gt;\r\nhello world\r\n&lt;/p&gt;\r\n</code></pre><p><code>nice</code></p>", "markdown": "# header\r\n** title **\r\n\r\n* one\r\n* two\r\n\r\n```\r\n<p>\r\nhello world\r\n</p>\r\n```\r\n\r\n`\r\nnice\r\n`", "status": "P", "create_time": "2017-02-14T01:19:27Z", "update_time": "2017-02-14T01:19:43Z", "user": 1, "tags": [10]}}, {"model": "blog.article", "pk": 15, "fields": {"title": "upload", "content": "<h1 id=\"upload-image\">upload image</h1>\r\n<ul>\r\n<li>drop the image here</li>\r\n<li>upload auto </li>\r\n</ul>\r\n<p><img src=\"/static/upload/20170215/0eeca088-f314-11e6-ad6f-000c2938015b.png\" alt=\"image\"></p>", "markdown": "# upload image\r\n\r\n* drop the image here\r\n* upload auto \r\n\r\n![image](/static/upload/20170215/0eeca088-f314-11e6-ad6f-000c2938015b.png)", "status": "P", "create_time": "2017-02-15T00:18:37Z", "update_time": "2017-02-15T00:19:32Z", "user": 1, "tags": [11]}}, {"model": "blog.article", "pk": 16, "fields": {"title": "extend user", "content": "<pre><code>class MyUser(User):\r\n    class Meta:\r\n        proxy = True\r\n\r\n    def get_articles(self):\r\n        return Article.objects.filter(user=self)\r\n    def get_comments(self):\r\n        return Comment.objects.filter(user=self)\r\n</code></pre>", "markdown": "```\r\nclass MyUser(User):\r\n\tclass Meta:\r\n\t\tproxy = True\r\n\r\n\tdef get_articles(self):\r\n\t\treturn Article.objects.filter(user=self)\r\n\tdef get_comments(self):\r\n\t\treturn Comment.objects.filter(user=self)\r\n```", "status": "P", "create_time": "2017-02-16T01:00:22Z", "update_time": "2017-02-16T01:11:52Z", "user": 1, "tags": [12]}}, {"model": "blog.article", "pk": 17, "fields": {"title": "test", "content": "<p>test</p>", "markdown": "test", "status": "P", "create_time": "2017-02-16T01:16:39Z", "update_time": "2017-02-16T01:16:39Z", "user": 3, "tags": [6]}}]